;Name;Zeitpunkt;mean;std;count;sumOfAcids;ratio
0;>A48L;T2;751.7639999999999;;1;483.95499999999987;1.5533758303974545
1;>I34A;T3;658.205;;1;468.6818333333334;1.404374893984583
2;>I34A;T1;356.38800000000003;78.91453099398109;2;386.3481666666667;0.9224529342919965
3;>F35L;T3;352.035;75.91639824175009;2;386.92833333333334;0.9098196479106812
4;>A48G;T1;345.8395;141.66530807681883;2;434.61983333333325;0.7957287575846939
5;WT + pCM160_RBSyciAHI;T3;323.873;;1;479.3943333333333;0.675587877203388
6;>F35V;T3;290.5063333333333;140.29015740362308;3;259.7366666666666;1.1184648554305003
7;>V59G;T1;224.507;441.2388741010928;2;-30.394999999999985;-7.386313538410927
8;>A48G;T2;169.31400000000002;;1;56.71666666666671;2.985260064648837
9;>F35W;T1;154.248;120.90394587440066;2;399.3396666666667;0.3862576469989207
10;>A51L;T1;143.8435;120.67413617051503;2;226.12833333333333;0.6361144482852658
11;>F35W;T2;128.1335;223.8989983016896;2;455.8151666666667;0.28110846099533765
12;>V59G;T2;122.915;;1;291.991;0.42095475545479144
13;>A51L;T2;96.871;162.01230570546176;2;-155.20000000000005;-0.6241688144329894
14;>A48V;T1;64.529;;1;-248.444;-0.2597325755502246
15;>I34A;T2;11.50666666666666;134.02430852025813;3;16.02299999999999;0.7181343485406396
