;Name;Zeitpunkt;mean;std;count;sumOfAcids;ratio
0;>A51L;T3;11.52833333333333;3.5079424643704367;3;48.642333333333326;0.23700206267517318
1;>V59G;T3;9.031333333333334;3.26768485832605;3;362.2596666666667;0.024930551657696736
2;>V59G;T5;8.954333333333333;1.7318493968394968;3;189.957;0.04713873841623806
3;>F35L;T6;8.878666666666668;1.1182684531602123;3;803.2045;0.011054054934536182
4;>A51L;T2;8.873;;1;-155.20000000000005;-0.0571713917525773
5;>A48V;T4;8.703000000000001;2.07977426659722;3;39.80466666666667;0.21864270521044435
6;WT + pCM160_RBSyciAHI;T6;8.674;1.3395473115944796;3;202.16366666666664;0.042905830424524026
7;>A51G;T6;7.588666666666666;1.1688414491851893;3;464.45250000000004;0.01633895105886321
8;>A51L;T5;7.563666666666666;1.4570285972942787;3;41.954;0.1802847563204144
9;>A51V;T6;7.2749999999999995;0.7888276110786181;3;110.49100000000001;0.06584246680725125
10;>A48V;T3;7.232;1.2864171174234271;3;73.39083333333333;0.09854091678116023
11;WT + pCM160_RBSyciAHI;T4;7.228333333333333;2.2534272416329157;3;186.36950000000002;0.03878495855455604
12;>A48V;T5;7.135499999999999;2.2592061658910194;2;54.716833333333334;0.13040776604396573
13;>A51L;T6;7.109666666666667;0.372689325488849;3;38.606;0.18415962976393996
14;>A51L;T4;7.0360000000000005;1.469027229155403;3;38.218;0.18410173216808834
15;WT + pCM160_RBSyciAHI;T5;6.929666666666667;0.3186304023996034;3;138.14499999999998;0.050162269113371225
16;>A48L;T3;6.890000000000001;0.7697447628922198;3;131.31566666666666;0.05246898694494438
17;>A51G;T5;6.837666666666667;1.542559669294298;3;279.5516666666667;0.024459402257185615
18;>F35L;T4;6.756666666666667;2.0757047799080994;3;353.37416666666667;0.019120431836886775
19;>A51G;T3;6.662333333333334;0.7487712156148457;3;264.12399999999997;0.025224263351052288
