;Name;Zeitpunkt;mean;std;count;sumOfAcids;ratio
0;>F35V;T3;2.3369999999999997;;1;259.7366666666666;0.008997574466446787
1;>A48L;T2;2.244;;1;483.95499999999987;0.004636794743312913
