;Name;Zeitpunkt;mean;std;count;sumOfAcids;ratio
0;>A51V;T3;6.4256666666666655;0.4021396938046944;3;100.61900000000001;0.0638613648184405
1;>F35L;T5;6.314666666666667;0.2146493264218022;3;385.6863333333333;0.016372544528844252
2;>I34A;T4;6.207666666666667;0.5664206328633633;3;54.751;0.11337996870681206
3;>A48G;T4;6.206666666666667;0.30382451075140937;3;65.244;0.09513007581795517
4;>A48G;T5;6.182666666666667;0.07743599507550346;3;41.50366666666667;0.1489667579571283
5;>I34A;T5;6.167333333333333;0.2610868310224274;3;43.574;0.141537002187849
6;>A51G;T3;6.135000000000001;0.18874056267797829;3;264.12399999999997;0.023227726370946986
7;>V59G;T4;6.105999999999999;0.26154158369177133;3;164.84733333333332;0.03704033226702686
8;>F35L;T4;6.104333333333333;0.5568710203748558;3;353.37416666666667;0.017274418758209547
9;>F35W;T5;6.079666666666667;0.14743247041725;3;98.29966666666668;0.061848293822630795
10;>A51G;T6;6.077333333333333;0.2421246235584751;3;464.45250000000004;0.013084940512395416
11;WT + pCM160_RBSyciAHI;T4;6.062333333333332;0.3910323942249971;3;186.36950000000002;0.03252857003604845
12;>A48L;T4;6.008666666666667;0.7039277898572646;3;60.03999999999999;0.1000777259604708
13;>A51G;T4;6.008333333333333;0.09429916931412119;3;214.88333333333333;0.027960909020398664
14;>A51G;T5;6.0040000000000004;0.1109369190125633;3;279.5516666666667;0.02147724630509566
15;>A51L;T5;6.001666666666668;0.07123435500749124;3;41.954;0.1430535030430154
16;>A48L;T5;5.983999999999999;0.2791343762419815;3;34.02;0.17589653145208697
17;>A51L;T4;5.982666666666667;0.5072133016131701;3;38.218;0.15654054808379994
18;>A48V;T3;5.972333333333334;0.46379449472081147;3;73.39083333333333;0.08137710204498746
19;>I34L;T5;5.892666666666667;0.45016256322947695;3;181.99983333333333;0.03237731902684893
