;Name;Zeitpunkt;mean;std;count;sumOfAcids;ratio
0;>F35L;T6;367.66333333333336;115.50527293735696;3;803.2045;0.45774560940997383
1;>A51G;T6;225.69066666666666;14.516243671602293;3;464.45250000000004;0.48592841392105035
2;>F35W;T2;185.02066666666667;39.94356365340147;3;455.8151666666667;0.40591160671485627
3;>F35L;T5;172.83433333333332;53.75043801061842;3;385.6863333333333;0.44812148732259977
4;>F35L;T4;154.376;34.744777060732446;3;353.37416666666667;0.4368627210534632
5;>V59G;T3;147.79266666666666;114.47214522464988;3;362.2596666666667;0.4079743903774364
6;>A51G;T5;134.48266666666666;45.10038635459049;3;279.5516666666667;0.48106551561726807
7;>F35L;T2;121.66133333333333;39.328901260184374;3;-284.8716666666666;-0.42707417960134103
8;>F35W;T3;119.552;18.950119366378658;3;230.89700000000002;0.5177719935728918
9;>A51G;T3;110.29533333333332;24.497317002752233;3;264.12399999999997;0.4175892131473601
10;WT + pCM160_RBSyciAHI;T6;106.85933333333332;37.35457514593538;3;202.16366666666664;0.5285783300988803
11;>V59G;T5;105.968;15.149542864390334;3;189.957;0.5578525666335014
12;>F35W;T4;98.83333333333333;6.939561249339422;3;190.4153333333333;0.5190408335463181
13;>A51G;T4;97.05833333333334;14.532700448758092;3;214.88333333333333;0.4516792057705732
14;>F35W;T1;94.70433333333334;9.08215471864102;3;399.3396666666667;0.2371523323085861
15;>F35W;T6;89.63066666666667;15.425627907263078;3;216.91433333333333;0.41320767184587465
16;>F35L;T3;79.32466666666666;7.070892187930283;3;386.92833333333334;0.20501126392915137
17;>V59G;T4;77.002;2.675411930899612;3;164.84733333333332;0.46711098349584057
18;WT + pCM160_RBSyciAHI;T2;74.73133333333334;31.631973102121425;3;146.2741666666667;0.5108990537176192
19;>I34L;T6;72.59466666666667;62.975582508884614;3;161.16833333333335;0.4504276067465693
