;Name;Zeitpunkt;mean;std;count;sumOfAcids;ratio
0;>A51L;T1;68.857;;1;226.12833333333333;0.3045040795418531
1;>A48G;T1;63.032;;1;434.61983333333325;0.14502789602714097
2;>F35W;T1;59.726000000000006;;1;399.3396666666667;0.14956190177284334
3;>F35V;T2;52.61600000000001;;1;-55.11866666666669;-0.9545949345654222
4;>A48L;T1;51.871;;1;-196.053;-0.2645764155610983
5;>V59G;T2;41.787;13.088546519762998;2;291.991;0.14311057532595184
6;>A48V;T2;33.209;;1;-92.95566666666666;-0.35725632649255745
7;>F35W;T3;29.791;;1;230.89700000000002;0.12902289765566463
8;>F35V;T1;29.34;;1;-103.63266666666668;-0.28311536259480596
9;WT + pCM160_RBSyciAHI;T3;28.809;;1;479.3943333333333;0.06009457767196526
10;>A51V;T2;10.152500000000003;87.99024653051042;2;-311.21250000000003;-0.032622404305739656
11;>F35L;T1;5.547000000000001;;1;1.6071666666666706;3.451415534584665
