,Data Filename,Sample Name,Sample ID,Methylsuccinat / Ethylmalonat,2H-3-Methylsuccinat,Crotonat,Mesaconat,Methylmalonat / Succinat,3-Hydroxybutyrat,Nr,Name,Zeitpunkt,Replikat,Reihe DWP,Spalte DWP
0,230,,,3.09,19.128,1.442,4.37,3.148,1.6059999999999999,230,>A51L,T6,B,C,11.0
1,231,,,2.372,12.312000000000001,20.236,4.17,2.609,1.425,231,>A51L,T6,C,C,12.0
2,232,,,1.844,-1.865,5.196000000000001,1.935,1.501,1.4669999999999999,232,>V59G,T6,A,D,1.0
3,233,,,5.013,1.305,20.678,4.321000000000001,1.682,4.8389999999999995,233,>V59G,T6,B,D,2.0
4,234,,,1.604,-2.002,4.768,1.653,1.429,1.4569999999999999,234,>V59G,T6,C,D,3.0
5,223,,,2.153,-2.311,12.55,3.06,1.521,0.636,223,>A51G,T6,A,C,4.0
6,224,,,92.012,7.492999999999999,255.345,131.322,2.381,1.62,224,>A51G,T6,B,C,5.0
7,225,,,23.072,1.931,126.333,29.264,1.834,6.694,225,>A51G,T6,C,C,6.0
8,226,,,21.307,15.950999999999999,59.617,22.024,3.156,0.636,226,>A51V,T6,A,C,7.0
9,227,,,3.58,0.377,17.562,4.7,1.6540000000000001,2.9339999999999997,227,>A51V,T6,B,C,8.0
10,228,,,1.036,-2.3409999999999997,2.136,1.944,1.483,0.273,228,>A51V,T6,C,C,9.0
11,229,,,2.813,15.161,1.7790000000000001,4.1419999999999995,2.778,1.516,229,>A51L,T6,A,C,10.0
12,218,,,1.412,-0.467,6.082999999999999,2.8080000000000003,1.794,4.3389999999999995,218,>A48V,T6,B,B,11.0
13,219,,,2.197,-1.2409999999999999,5.048,1.536,6.428,3.696,219,>A48V,T6,C,B,12.0
14,220,,,3.1289999999999996,11.770999999999999,1.444,4.502,2.5580000000000003,1.329,220,>A48L,T6,A,C,1.0
15,221,,,0.753,-2.386,-0.649,1.157,1.401,0.036000000000000004,221,>A48L,T6,B,C,2.0
16,222,,,2.019,0.389,8.466000000000001,1.9269999999999998,5.105,4.8260000000000005,222,>A48L,T6,C,C,3.0
17,211,,,11.217,8.375,10.798,11.345999999999998,4.129,1.422,211,>F35V,T6,A,B,4.0
