;Name;Zeitpunkt;mean;std;count;sumOfAcids;ratio
0;>I34A;T4;17.94033333333333;13.81927915389704;3;54.751;0.32767133629218337
1;>V59G;T3;16.852666666666668;10.17695447240152;3;362.2596666666667;0.046520957802828354
2;>F35L;T6;15.636333333333335;2.3863541927663077;3;803.2045;0.019467437412680498
3;>A51G;T6;13.450333333333333;0.9657651543379132;3;464.45250000000004;0.0289595455581213
4;>A51V;T6;13.403666666666666;1.860020519600076;3;110.49100000000001;0.12131003128459933
5;WT + pCM160_RBSyciAHI;T6;12.972666666666667;1.1158119614582622;3;202.16366666666664;0.06416913029212305
6;WT + pCM160_RBSyciAHI;T4;11.955666666666666;0.8727200773061969;3;186.36950000000002;0.06415033933485181
7;>F35L;T5;11.955;0.5330131330464571;3;385.6863333333333;0.03099669074783568
8;>V59G;T5;11.522666666666666;0.2520006613747921;3;189.957;0.06065934220200712
9;>A51V;T3;11.450333333333333;1.6996659475712674;3;100.61900000000001;0.11379891803072313
10;>A51G;T5;11.271;0.7810787412290782;3;279.5516666666667;0.040318128431834306
11;>A51G;T3;11.182666666666668;0.17451742988404728;3;264.12399999999997;0.04233869949972993
12;>I34L;T4;11.156666666666666;0.6123188167395602;3;157.57899999999995;0.07080046622117585
13;>A51V;T5;11.022666666666666;0.9595010856342661;3;72.50500000000001;0.15202629703698592
14;>F35L;T4;11.016;0.4040804375368846;3;353.37416666666667;0.03117375586311959
15;WT + pCM160_RBSyciAHI;T5;10.971666666666666;0.3596947780178824;3;138.14499999999998;0.0794213809161871
16;>I34L;T6;10.923666666666668;0.13631336447074244;3;161.16833333333335;0.06777799609104353
17;>F35W;T4;10.808;0.8865105752330311;3;190.4153333333333;0.056760134863088764
18;>V59G;T6;10.728666666666667;0.5649932152984973;3;75.35900000000001;0.14236742348845746
19;>A51V;T4;10.603666666666667;0.7572663556063574;3;77.44550000000001;0.1369177894992823
