;Name;Zeitpunkt;mean;std;count;sumOfAcids;ratio
0;>V59G;T3;13.119666666666667;9.092024215395234;3;362.2596666666667;0.03621619482893946
1;>I34A;T2;11.557666666666664;0.6892266197219413;3;90.80766666666666;0.1272763312936132
2;>A48L;T3;10.741;2.394218661693205;3;131.31566666666666;0.08179526687600108
3;>F35V;T1;10.277999999999999;4.050140367937882;3;115.1733333333333;0.08923940727020145
4;WT + pCM160_RBSyciAHI;T2;9.506333333333334;3.33833331669163;3;339.93916666666667;0.02796480742878015
5;>A48V;T1;8.898333333333333;3.111177001286384;3;87.803;0.1013442972715435
6;>A48G;T3;8.856333333333334;3.440407001116777;3;58.989333333333335;0.1501344875909769
7;>I34A;T1;8.692333333333332;3.213278440056718;3;386.3481666666667;0.022498704752060852
8;WT + pCM160_RBSyciAHI;T4;8.604333333333335;2.5846629051644885;3;186.36950000000002;0.0461681408885753
9;>A51G;T3;8.393333333333334;1.3566260845691178;3;264.12399999999997;0.03177800326109455
10;>A48L;T4;8.223333333333333;0.4938444424445146;3;60.03999999999999;0.13696424605818344
11;>A51G;T6;7.7973333333333334;2.533690851965435;3;464.45250000000004;0.016788225563073366
12;>F35V;T4;7.6209999999999996;0.5333451040367758;3;51.846666666666664;0.146991127684197
13;>A48G;T1;7.260666666666666;3.470948189376115;3;434.61983333333325;0.016705787701819103
14;>A48G;T4;7.2363333333333335;1.2675812925936287;3;65.244;0.11091185907260949
15;>A51G;T4;7.227666666666667;0.5599083258296244;3;214.88333333333333;0.03363530597998914
16;WT + pCM160_RBSyciAHI;T3;7.155999999999999;2.0927907205451763;3;479.3943333333333;0.014927168517497424
17;>I34A;T3;6.908666666666666;1.7525981665325716;3;679.0078333333333;0.010174649433352143
18;>V59G;T4;6.890333333333333;0.9385996661694134;3;164.84733333333332;0.041798269914385434
19;>A48V;T2;6.877666666666666;0.6037295200115138;3;223.88433333333333;0.0307197317662543
