;Name;Zeitpunkt;mean;std;count;sumOfAcids;ratio
0;>A48L;T2;751.7639999999999;;1;766.8079999999999;0.9803810080228689
1;>I34A;T3;658.205;;1;679.0078333333333;0.9693628964025207
2;>I34A;T1;356.38800000000003;78.91453099398109;2;386.3481666666667;0.9224529342919965
3;>F35L;T3;352.035;75.91639824175009;2;523.0983333333334;0.6729805422180024
4;>A48G;T1;345.8395;141.66530807681883;2;434.61983333333325;0.7957287575846939
5;WT + pCM160_RBSyciAHI;T3;323.873;;1;479.3943333333333;0.675587877203388
6;>F35V;T3;290.5063333333333;140.29015740362308;3;331.59999999999997;0.8760745878568557
7;>V59G;T1;268.255;379.3698591743946;2;325.891;0.8231433209263219
8;WT + pCM160_RBSyciAHI;T2;185.2965;262.0488233602662;2;339.93916666666667;0.5450872337452535
9;>F35V;T2;180.767;255.64314302949725;2;259.63283333333334;0.696240909438136
10;>A48V;T2;177.56766666666667;247.60366105195885;3;223.88433333333333;0.7931223414471461
11;>A48G;T2;169.31400000000002;;1;195.78233333333336;0.8648073455725491
12;>F35W;T1;154.248;120.90394587440066;2;399.3396666666667;0.3862576469989207
13;>A51L;T1;143.8435;120.67413617051503;2;226.12833333333333;0.6361144482852658
14;>F35W;T2;143.227;202.5535658980113;2;470.90866666666676;0.3041502740092558
15;WT + pCM160_RBSyciAHI;T1;138.75566666666666;240.33186450475796;3;216.85466666666665;0.6398555714733677
16;>V59G;T2;122.915;;1;291.991;0.42095475545479144
17;>A51L;T2;105.71549999999999;149.50429385305293;2;129.7635;0.8146782415702413
18;>A48L;T1;94.52233333333334;140.99241271903014;3;160.52966666666669;0.5888153591547979
19;>I34L;T3;77.25766666666667;133.81420394088713;3;155.54433333333333;0.4966922613702846
