;Name;Zeitpunkt;mean;std;count;sumOfAcids;ratio
0;>F35V;T3;2.3369999999999997;;1;331.59999999999997;0.007047647768395658
1;>A48L;T2;2.244;;1;766.8079999999999;0.0029264170431190085
