;Name;Zeitpunkt;mean;std;count;sumOfAcids;ratio
0;>F35L;T6;394.176;153.19427889774474;3;803.2045;0.4907542226170296
1;>A51G;T6;197.02966666666666;24.435623060059942;3;464.45250000000004;0.4242191971550732
2;>F35L;T5;180.47733333333335;69.17112717263853;3;385.6863333333333;0.4679381086012036
3;>F35L;T4;163.38966666666667;41.49397133721154;3;353.37416666666667;0.46237015061938597
4;>F35W;T2;134.67433333333335;25.37460410200194;3;470.90866666666676;0.28598822418501535
5;>F35L;T2;123.94166666666668;34.277919559584326;3;302.3433333333333;0.40993682678632465
6;>A51G;T3;112.75733333333334;24.425283628513572;3;264.12399999999997;0.4269105924994826
7;>A51G;T5;112.58900000000001;38.06939626524172;3;279.5516666666667;0.4027484484084636
8;>V59G;T3;108.20700000000001;83.10187150118823;3;362.2596666666667;0.2987001037009364
9;>A51G;T4;88.699;12.71725092148456;3;214.88333333333333;0.4127774761498488
10;>F35L;T3;82.58766666666666;6.407898355415246;3;523.0983333333334;0.15788172395884775
11;>F35W;T3;81.135;13.646682820378;3;267.833;0.3029313042082193
12;WT + pCM160_RBSyciAHI;T4;77.43533333333333;54.64733937103739;3;186.36950000000002;0.41549359381944645
13;>F35W;T1;70.25366666666667;7.675761091470559;3;399.3396666666667;0.17592458884208015
14;WT + pCM160_RBSyciAHI;T2;66.15100000000001;28.6456999041741;3;339.93916666666667;0.19459658223162482
15;>F35W;T4;61.50533333333333;1.836003358747835;3;190.4153333333333;0.3230062004810537
16;WT + pCM160_RBSyciAHI;T6;61.208;26.941186740750677;3;202.16366666666664;0.3027645917251864
17;>A51G;T2;60.408666666666676;11.961890165577238;3;129.0005;0.4682824226779484
18;>I34L;T6;56.532000000000004;51.748091452728964;3;161.16833333333335;0.35076369427410264
19;>I34L;T4;54.94999999999999;44.008783521019986;3;157.57899999999995;0.3487139783854448
