;Name;Zeitpunkt;mean;std;count;sumOfAcids;ratio
0;>A51L;T1;68.857;;1;226.12833333333333;0.3045040795418531
1;>A48G;T1;63.032;;1;434.61983333333325;0.14502789602714097
2;>F35W;T1;59.726000000000006;;1;399.3396666666667;0.14956190177284334
3;>F35V;T2;52.61600000000001;;1;259.63283333333334;0.20265541659150713
4;>A48L;T1;51.871;;1;160.52966666666669;0.32312407467778537
5;>V59G;T2;41.787;13.088546519762998;2;291.991;0.14311057532595184
6;>A51V;T2;36.185500000000005;51.17402486125164;2;141.5935;0.2555590475551491
7;>A48V;T2;33.209;;1;223.88433333333333;0.14833105785279008
8;>F35W;T3;29.791;;1;267.833;0.11122975884226365
9;>F35V;T1;29.34;;1;115.1733333333333;0.2547464690900672
10;WT + pCM160_RBSyciAHI;T3;28.809;;1;479.3943333333333;0.06009457767196526
11;>F35V;T3;14.930666666666667;25.86067325754172;3;331.59999999999997;0.04502613590671493
12;>F35L;T1;5.547000000000001;;1;137.32366666666667;0.04039361993926757
13;>F35L;T3;0.7665000000000001;1.0839946955589774;2;523.0983333333334;0.0014653076700046838
