;Name;Zeitpunkt;mean;std;count;sumOfAcids;ratio
0;>A51V;T1;88.39150000000001;119.24719468608058;2;118.04716666666667;0.7487812075116868
1;>A48L;T3;86.24866666666667;42.54979887535701;3;131.31566666666666;0.6568040878595345
2;>I34L;T5;77.7925;96.1757146295259;2;181.99983333333333;0.4274317101022987
3;>F35W;T6;72.94033333333333;117.3730298336604;3;216.91433333333333;0.33626331746941573
4;>V59G;T3;61.49699999999999;98.55285233315168;3;362.2596666666667;0.16975944511257574
5;>F35L;T2;49.872;;1;302.3433333333333;0.16495154515286156
6;>A48V;T6;38.265;;1;74.39466666666667;0.5143513871962148
7;>A48V;T3;32.9185;31.638078710629696;2;73.39083333333333;0.4485369426245331
8;>A51G;T1;26.099;41.284476731575516;3;122.81766666666665;0.21250200161214594
9;>A48L;T4;21.022;28.514104422197796;3;60.03999999999999;0.35013324450366423
10;>A48V;T5;19.298;25.55296317455179;3;54.716833333333334;0.3526885388713406
11;>A51V;T3;16.183666666666667;20.08088704050031;3;100.61900000000001;0.1608410605021583
12;>F35W;T1;14.999;21.79010153716591;3;399.3396666666667;0.037559504481982336
13;>A48L;T6;10.915000000000001;11.356191395005636;3;48.62033333333333;0.22449455303336743
14;>I34A;T6;10.905;;1;53.57833333333333;0.20353376675895105
15;>A51V;T4;9.2715;6.837015467292728;2;77.44550000000001;0.11971644575863025
16;>A51G;T3;8.698;5.868986283848344;2;264.12399999999997;0.03293150187033363
17;>I34A;T4;8.313333333333334;5.2444653048078544;3;54.751;0.15183893140460147
18;>F35W;T5;7.883333333333334;4.806175853350908;3;98.29966666666668;0.08019694878585548
19;>A48G;T3;6.909;;1;58.989333333333335;0.117122869671353
